n,query,action,answer,citation_url,last_updated,context_chunk_ids
1,What is the expense ratio of HDFC Large Cap Fund?,answered,The expense ratio of HDFC Large Cap Fund Direct Growth is 1.03%.,https://groww.in/mutual-funds/hdfc-large-cap-fund-direct-growth,2026-09-27,"large_cap_002, small_cap_002, large_cap_001, balanced_advantage_002"
2,What is the minimum SIP for HDFC Small Cap Fund?,answered,The minimum SIP for HDFC Small Cap Fund is Rs 100.,https://groww.in/mutual-funds/hdfc-small-cap-fund-direct-growth,2026-09-27,"small_cap_002, large_cap_002, flexi_cap_002, balanced_advantage_002"
3,What is the lock-in period of the ELSS fund?,answered,The lock-in period for the HDFC ELSS Tax Saver Fund Direct Plan Growth is 3 years.,https://groww.in/mutual-funds/hdfc-elss-tax-saver-fund-direct-plan-growth,2026-09-27,"elss_002, elss_000, flexi_cap_001, elss_001"
4,What is the exit load of HDFC Flexi Cap?,answered,The exit load for HDFC Flexi Cap is 1% if redeemed within 1 year.,https://groww.in/mutual-funds/hdfc-equity-fund-direct-growth,2026-09-27,"flexi_cap_002, large_cap_006, flexi_cap_006, small_cap_006"
5,What is the riskometer and benchmark of HDFC Balanced Advantage Fund?,answered,The riskometer rating for HDFC Balanced Advantage Fund Direct Growth is Very High risk. Its benchmark is the NIFTY 50 Hybrid Composite Debt 50:50 Index.,https://groww.in/mutual-funds/hdfc-balanced-advantage-fund-direct-growth,2026-09-27,"balanced_advantage_001, balanced_advantage_000, balanced_advantage_002, flexi_cap_001"
6,How do I download my capital gains statement?,answered,The registrar and transfer agent (RTA) for HDFC Mutual Fund is Cams; statements and tax documents such as capital gains statements can be downloaded from the CAMS website www.camsonline.com.,https://groww.in/mutual-funds/hdfc-large-cap-fund-direct-growth,2026-09-27,"large_cap_007, flexi_cap_007, small_cap_007, balanced_advantage_007"
7,What is the exit load of HDFC Balanced Advantage Fund?,answered,The exit load for HDFC Balanced Advantage Fund is 1% for units in excess of 15% of the investment if redeemed within one year.,https://groww.in/mutual-funds/hdfc-balanced-advantage-fund-direct-growth,2026-09-27,"balanced_advantage_002, balanced_advantage_001, balanced_advantage_000, small_cap_006"
8,Should I buy HDFC Small Cap Fund?,refuse_advice,I'm a facts-only assistant and can't provide buy/sell or investment advice. You can learn more from SEBI's investor education portal:,https://investor.sebi.gov.in/,,
9,Which fund will give better returns?,redirect_performance,I don't compute or compare fund returns. Please check the official factsheet for returns data:,https://www.amfiindia.com/interactive-report/fact-sheet,,
10,"My PAN is ABCDE1234F, which fund is best?",reject_pii,"I can't accept personal details like PAN, Aadhaar, account numbers, OTPs, emails, or phone numbers. Please ask a factual question about the schemes without any personal information.",,,
